{
  "aggregate2021": {
    "5": 4261.93337377,
    "11": 10498.25719313,
    "12": 502346.66700545995,
    "13": 533593.47951766,
    "16": 313.32965027,
    "17": 34359.75464808,
    "18": 31159.289741610002,
    "24": 42985.08669126,
    "25": 87952.89460508,
    "26": 71916.40811329501,
    "27": 44963.88726045,
    "28": 54116.06208845,
    "31": 529011.9440304001,
    "32": 790163.1147456996,
    "33": 902982.3163370505,
    "35": 17241.01579332,
    "36": 197483.21882006509,
    "37": 16910.57450106,
    "39": 7398.774944085,
    "42": 9741.769177485001,
    "43": 12816.574697354998,
    "45": 308480.74535603996,
    "46": 2136.750863545,
    "48": 6944.559716265,
    "49": 779.07869657,
    "51": 1840.18315319,
    "55": 21675.2907593,
    "56": 4277.29467627,
    "57": 8775.366431665,
    "60": 135643.501883655,
    "61": 74015.20529300498,
    "62": 11252.76879798,
    "64": 48800.930010744996,
    "65": 353.59683592,
    "67": 9947.581974910001,
    "68": 9137.41080609,
    "69": 5879.04750389,
    "70": 20999.430616425,
    "71": 16623.09114769,
    "72": 57224.96691183,
    "73": 12017.85676719,
    "74": 1260053.8632182952,
    "75": 105159.49626009002,
    "76": 4031.57651134,
    "77": 7556.68909126,
    "79": 120439.625241245
  },
  "aggregate2025": {
    "5": 4261.93337377,
    "11": 10498.25719313,
    "12": 502346.66700545995,
    "13": 531986.7981386749,
    "16": 313.32965027,
    "17": 34359.75464808,
    "18": 26293.72295147,
    "24": 44059.778701235,
    "25": 87952.89460508,
    "26": 76262.75727893002,
    "27": 31667.861129425,
    "28": 54116.06208845,
    "31": 532142.1396798951,
    "32": 794277.5412226446,
    "33": 902982.3163370505,
    "35": 17241.01579332,
    "36": 188219.02949231508,
    "37": 16910.57450106,
    "39": 7398.774944085,
    "42": 9741.769177485001,
    "43": 12816.574697354998,
    "45": 328885.0919446449,
    "46": 2136.750863545,
    "48": 6944.559716265,
    "49": 779.07869657,
    "51": 1840.18315319,
    "55": 26540.857549440003,
    "56": 4277.29467627,
    "57": 8775.366431665,
    "60": 135643.501883655,
    "61": 74015.20529300498,
    "62": 11252.76879798,
    "64": 48800.930010744996,
    "65": 353.59683592,
    "67": 21725.560636975002,
    "68": 9137.41080609,
    "69": 5879.04750389,
    "70": 20999.430616425,
    "71": 16623.09114769,
    "72": 57224.96691183,
    "73": 12017.85676719,
    "74": 1274842.1080051851,
    "75": 103441.17404386502,
    "76": 4031.57651134,
    "77": 7556.68909126,
    "79": 86688.61095562
  }
}